"TimeStamp","ProcessID","ThreadID","PercentProcessorAvg","PercentProcessorMin","PercentProcessorMax","SQLSessionID","SQLQueryText","SQLQueryPlan"
"2017-01-05 01:46:37","1552","3184","52.02","34","60.15","57","dbcc checkdb
","<ShowPlanXML xmlns=""http://schemas.microsoft.com/sqlserver/2004/07/showplan"" Version=""1.5"" Build=""13.0.1601.5""><BatchSequence><Batch><Statements><StmtSimple StatementText=""dbcc checkdb"" StatementId=""1"" StatementCompId=""1"" StatementType=""DBCC"" RetrievedFromCache=""false"" /></Statements></Batch></BatchSequence></ShowPlanXML>"
"2017-01-05 01:46:37","1552","3380","42.65","27.82","65.9","55","dbcc checkdb
","<ShowPlanXML xmlns=""http://schemas.microsoft.com/sqlserver/2004/07/showplan"" Version=""1.5"" Build=""13.0.1601.5""><BatchSequence><Batch><Statements><StmtSimple StatementText=""dbcc checkdb"" StatementId=""1"" StatementCompId=""1"" StatementType=""DBCC"" RetrievedFromCache=""false"" /></Statements></Batch></BatchSequence></ShowPlanXML>"
"2017-01-05 01:46:37","1552","3440","41.31","32.55","61.82","56","dbcc checkdb
","<ShowPlanXML xmlns=""http://schemas.microsoft.com/sqlserver/2004/07/showplan"" Version=""1.5"" Build=""13.0.1601.5""><BatchSequence><Batch><Statements><StmtSimple StatementText=""dbcc checkdb"" StatementId=""1"" StatementCompId=""1"" StatementType=""DBCC"" RetrievedFromCache=""false"" /></Statements></Batch></BatchSequence></ShowPlanXML>"
"2017-01-05 01:46:37","1552","6104","38.94","7.32","54.09","58","dbcc checkdb
","<ShowPlanXML xmlns=""http://schemas.microsoft.com/sqlserver/2004/07/showplan"" Version=""1.5"" Build=""13.0.1601.5""><BatchSequence><Batch><Statements><StmtSimple StatementText=""dbcc checkdb"" StatementId=""1"" StatementCompId=""1"" StatementType=""DBCC"" RetrievedFromCache=""false"" /></Statements></Batch></BatchSequence></ShowPlanXML>"
